{
  "total_comments": 248,
  "processed": 248,
  "errors": 0,
  "total_cost": 0.06692985,
  "elapsed_seconds": 833.179440498352,
  "rate_per_minute": 17.85929810161876
}