{
  "total_comments": 2320,
  "processed": 2320,
  "errors": 0,
  "total_cost": 0.5997052500000003,
  "elapsed_seconds": 6821.701190710068,
  "rate_per_minute": 20.40546721535757
}