{
  "total_comments": 1024,
  "processed": 1024,
  "errors": 0,
  "total_cost": 0.25103115000000015,
  "elapsed_seconds": 2943.6522250175476,
  "rate_per_minute": 20.87203083225422
}