{
  "total_comments": 1371,
  "processed": 1371,
  "errors": 0,
  "total_cost": 0.3243502500000007,
  "elapsed_seconds": 3988.98095703125,
  "rate_per_minute": 20.621808147517704
}