{
  "total_comments": 2503,
  "processed": 2503,
  "errors": 0,
  "total_cost": 0.6391399500000009,
  "elapsed_seconds": 7641.187694072723,
  "rate_per_minute": 19.654012702304744
}