{
  "total_comments": 4831,
  "processed": 4831,
  "errors": 0,
  "total_cost": 1.2654763500000028,
  "elapsed_seconds": 15798.523754358292,
  "rate_per_minute": 18.347283866952264
}