{
  "total_comments": 996,
  "processed": 996,
  "errors": 0,
  "total_cost": 0.2531827499999999,
  "elapsed_seconds": 3041.087816476822,
  "rate_per_minute": 19.650862982718298
}