{
  "total_comments": 719,
  "processed": 719,
  "errors": 0,
  "total_cost": 0.19676970000000002,
  "elapsed_seconds": 2240.35938000679,
  "rate_per_minute": 19.25583921266652
}